{
  "started_at_utc": "2026-03-15T17:24:32.182468+00:00",
  "runtime_seconds": 15226.957909784001,
  "base_seed": 314,
  "evaluation_counts": {
    "phase1": 25807936,
    "phase2": 12978624,
    "phase3": 172026376,
    "total": 210812936
  },
  "archive_size": 38718,
  "top_candidate_count": 100,
  "best_objective_m_s": 700.698057599703,
  "git_commit": "cb6988b38fe5845cc8ae2fbe08ca94c2a27e574b",
  "git_branch": "codex-cloud-architecture",
  "git_is_dirty": true
}