{
  "started_at_utc": "2026-03-15T13:20:52.364413+00:00",
  "runtime_seconds": 14609.226952718,
  "base_seed": 2718,
  "evaluation_counts": {
    "phase1": 25807936,
    "phase2": 12978624,
    "phase3": 159379481,
    "total": 198166041
  },
  "archive_size": 38826,
  "top_candidate_count": 100,
  "best_objective_m_s": 1049.8417832045236,
  "git_commit": "cb6988b38fe5845cc8ae2fbe08ca94c2a27e574b",
  "git_branch": "codex-cloud-architecture",
  "git_is_dirty": true
}