{
  "started_at_utc": "2026-03-16T00:28:52.341412+00:00",
  "runtime_seconds": 6161.920792993999,
  "base_seed": 314,
  "evaluation_counts": {
    "phase1": 23043872,
    "phase2": 8987680,
    "phase3": 119493121,
    "total": 151524673
  },
  "archive_size": 39410,
  "top_candidate_count": 100,
  "best_objective_m_s": 1961.3965200915968,
  "git_commit": "cb6988b38fe5845cc8ae2fbe08ca94c2a27e574b",
  "git_branch": "codex-cloud-architecture",
  "git_is_dirty": true
}