{
  "started_at_utc": "2026-03-15T23:11:54.376411+00:00",
  "runtime_seconds": 4606.105368439,
  "base_seed": 42,
  "evaluation_counts": {
    "phase1": 23043920,
    "phase2": 8987680,
    "phase3": 85450695,
    "total": 117482295
  },
  "archive_size": 39627,
  "top_candidate_count": 100,
  "best_objective_m_s": 1961.3965200915968,
  "git_commit": "cb6988b38fe5845cc8ae2fbe08ca94c2a27e574b",
  "git_branch": "codex-cloud-architecture",
  "git_is_dirty": true
}